,,Validation,Validation,Validation,Validation,Validation,Test,Test,Test,Test,Test
Model Name,Decoder,PE,SDR 2mm,SDR 2.5mm,SDR 3mm,SDR 4mm,PE,SDR 2mm,SDR 2.5mm,SDR 3mm,SDR 4mm
ONE HOT,weighted spatial mean,2.1221,69.89999999999999,78.32000000000001,83.93,89.41,1.6937,77.5,86.42999999999999,90.24,94.28999999999999
ONE HOT ENSEMBLE,local soft argmax,1.6947,75.64,86.61,89.29,92.86,1.3922,81.67,91.31,93.21000000000001,96.31
ONE HOT ENSEMBLE LS,local soft argmax,1.7366,74.11,83.42,88.14,92.86,1.4693,81.67,89.4,93.10000000000001,96.55
ONE HOT MC,local soft argmax,2.054,70.54,82.02000000000001,85.59,90.18,1.674,76.31,88.21,90.71000000000001,93.57
ONE HOT MC LS,local soft argmax,2.2088,69.39,77.68,83.42,89.16,1.6648,78.69,86.19,90.24,95.48
