,,Validation,Validation,Validation,Validation,Validation,Test,Test,Test,Test,Test
Model Name,Decoder,PE,SDR 2mm,SDR 2.5mm,SDR 3mm,SDR 4mm,PE,SDR 2mm,SDR 2.5mm,SDR 3mm,SDR 4mm
ONE HOT,weighted spatial mean,1.9829,71.81,80.23,84.57000000000001,90.31,1.6937,77.5,86.42999999999999,90.24,94.28999999999999
ONE HOT ENSEMBLE,local soft argmax,1.601,77.81,87.76,89.92,93.37,1.3922,81.67,91.31,93.21000000000001,96.31
ONE HOT ENSEMBLE LS,local soft argmax,1.6327,76.02,85.46000000000001,89.41,93.62,1.4693,81.67,89.4,93.10000000000001,96.55
ONE HOT MC,argmax,1.9873,73.09,83.42,86.48,90.31,1.6568,75.6,87.26,90.0,94.17
ONE HOT MC LS,local soft argmax,2.0667,72.96000000000001,80.23,86.35000000000001,90.05,1.6697,77.62,86.07000000000001,90.36,95.12
